ori,aji,ridho
- disaat semua cowok berusaha melacak perhatian gue. loe lantas remehkan perhatian yg gue kasih khusus ke elo. basic elo cowok bego ! ! !',- di saat semua cowok berusaha melacak perhatian gue. kamu lantas remehkan perhatian yang gue kasih khusus ke elo. basic kamu cowok bego ! ! !',saya berubahhh
rt user: user siapa yang telat ngasih tau elu?edan sarap gue bergaul dengan cigax jifla calis sama siapa noh licew juga',rt user: pengguna siapa yang telat memberi tau elu?edan sarap gue bergaul dengan cigax jifla calis sama siapa itu licew juga',rt user: user siapa yang telat ngasih tau elu?edan sarap gue bergaul dengan cigax jifla calis sama siapa noh licew juga'
"41. kadang aku berfikir, kenapa aku tetap percaya pada tuhan padahal aku selalu jatuh berkali-kali. kadang aku merasa tuhan itu ninggalkan aku sendirian. ketika orangtuaku berencana berpisah, ketika kakakku lebih memilih jadi kristen. ketika aku anak ter","41. kadang aku berfikir, kenapa aku tetap percaya pada tuhan padahal aku selalu jatuh berkali-kali. kadang aku merasa tuhan itu meninggalkan aku sendirian. ketika orang tuaku berencana berpisah, ketika kakakku lebih memilih jadi kristen. ketika aku anak ter","41. kadang aku berfikir, kenapa aku tetap percaya pada tuhan padahal aku selalu jatuh berkali-kali. kadang aku merasa tuhan itu ninggalkan aku sendirian. ketika orangtuaku berencana berpisah, ketika kakakku lebih memilih jadi kristen. ketika aku anak ter"
user user aku itu aku\n\nku tau matamu sipit tapi diliat dari mana itu aku',pengguna pengguna aku itu aku\n\nku tau matamu sipit tapi dilihat dari mana itu aku',user user aku itu aku\n\nku tau matamu sipit tapi diliat dari mana itu aku'
user user kaum cebong kapir udah keliatan dongoknya dari awal tambah dongok lagi hahahah',pengguna pengguna kaum cebong kafir sudah kelihatan dongoknya dari awal tambah dungu lagi hahahah',user user kaum cebong kapir udah keliatan dongoknya dari awal tambah dongok lagi hahahah'
user ya bani taplak dkk \xf0\x9f\x98\x84\xf0\x9f\x98\x84\xf0\x9f\x98\x84',pengguna ya bani taplak dan kawan kawan \xf0\x9f\x98\x84\xf0\x9f\x98\x84\xf0\x9f\x98\x84',user ya bani taplak dkk \xf0\x9f\x98\x84\xf0\x9f\x98\x84\xf0\x9f\x98\x84'
deklarasi pilkada 2018 aman dan anti hoax warga dukuh sari jabon,deklarasi pilihan kepala daerah 2018 aman dan anti hoaks warga dukuh sari jabon,deklarasi pilkada 2018 aman dan anti hoax warga dukuh sari jabon
gue baru aja kelar re-watch aldnoah zero!!! paling kampret emang endingnya! 2 karakter utama cowonya kena friendzone bray! xd url,gue baru saja selesai re-watch aldnoah zero!!! paling kampret memang endingnya! 2 karakter utama cowoknya kena friendzone bray! xd uniform resource locator,gue baru aja kelar re-watch aldnoah zero!!! paling kampret emang endingnya! 2 karakter utama cowonya kena friendzone bray! xd url
"nah admin belanja satu lagi port terbaik nak makan ais kepal milo, ais kepal horlicks atau cendol toping kaw kaw. �??�; ; doket mano tu ? gerai rojak mertuaku - taipan 2 (depan twins baby &amp; romantika / bank islam senawang) �???","nah admin belanja satu lagi port terbaik nak makan ais kepal milo, ais kepal horlicks atau cendol toping kau kaw. �??�; ; doket mana itu ? gerai rozak mertuaku - taipan 2 (depan kembar baby &amp; romantika / bank islam senawang) �???","nah admin belanja satu lagi port terbaik nak makan ais kepal milo, ais kepal horlicks atau cendol toping kaw kaw. �??�; ; doket mano tu ? gerai rojak mertuaku - taipan 2 (depan twins baby &amp; romantika / bank islam senawang) �???"
user enak lg klo smbil ngewe',pengguna enak lagi kalau sambil ngewe',user enak lg klo smbil ngewe'
"setidaknya gw punya jari tengah buat lu, sebelom gw ukur nyali sama bacot lu \xf0\x9f\x98\x8f'","setidaknya gue punya jari tengah buat lu, sebelum gue ukur nyali sama bacot kamu \xf0\x9f\x98\x8f'","setidaknya gw punya jari tengah buat lu, sebelom gw ukur nyali sama bacot lu \xf0\x9f\x98\x8f'"
user user user user banci kaleng malu ga bisa jawab pertanyaan kami dari 2 hari lalu.... nyungsep koe user url,pengguna pengguna pengguna pengguna banci kaleng malu tidak bisa jawab pertanyaan kami dari 2 hari lalu.... nyungsep koe pengguna uniform resource locator,user user user user banci kaleng malu ga bisa jawab pertanyaan kami dari 2 hari lalu.... nyungsep koe user url
kalo belajar ekonomi mestinya jago memprivatisasi hati orang. duh.. ironi user,kalau belajar ekonomi mestinya jago memprivatisasi hati orang. duh.. ironi pengguna,kalo belajar ekonomi mestinya jago memprivatisasi hati orang. duh.. ironi user
aktor huruhara 98 prabowo s ingin lengserkan pemerintahan jokowi.... nyata,aktor huru hara 98 prabowo si ingin lengserkan pemerintahan jokowi.... nyata,aktor huruhara 98 prabowo s ingin lengserkan pemerintahan jokowi.... nyata
user bu guru enakan jadi jablay atau guru esde sih.\nkayaknya menikmati jadi pecun ini guru.',pengguna bu guru enakan jadi jablay atau guru sekolah dasar sih.\nkayaknya menikmati jadi pecun ini guru.',user bu guru enakan jadi jablay atau guru esde sih.\nkayaknya menikmati jadi pecun ini guru.'
"user user user user user user lawan bicara gw gak intelek kyk loe, yg otak gak punya. ttg kencing onta, gw mengakui hadis nabi dan itu sahih. kafir kyk loe pasti menolak, makanya loe ahlunnar.'","pengguna pengguna pengguna pengguna pengguna pengguna lawan bicara gue tidak intelek kayak loe, yang otak tidak punya. tentang kencing onta, gue mengakui hadis nabi dan itu sahih. kafir kayak kamu pasti menolak, makanya kamu ahlunnar.'","user user user user user user lawan bicara gw gak intelek kyk loe, yg otak gak punya. ttg kencing onta, gw mengakui hadis nabi dan itu sahih. kafir kyk loe pasti menolak, makanya loe ahlunnar.'"
belakangan ini kok fikiran ampas banget ya',belakangan ini kok pikiran ampas banget ya',belakangan ini kok fikiran ampas banget ya'
ari sarua beki mah repeh monyet\xf0\x9f\x98\x86\xf0\x9f\x98\x86',ari sama beki adalah rapi monyet\xf0\x9f\x98\x86\xf0\x9f\x98\x86',ari sarua beki mah repeh monyet\xf0\x9f\x98\x86\xf0\x9f\x98\x86'
jadi cowo itu harus gantle kalo ga gantle itu namanya banci !',jadi cowok itu harus gantle kalau tidak gantle itu namanya banci !',jadi cowo itu harus gantle kalo ga gantle itu namanya banci !'
user slga mnr bom \xf0\x9f\x98\x82',pengguna alga mnr bom \xf0\x9f\x98\x82',user slga mnr bom \xf0\x9f\x98\x82'
"asw ya tapi gua jarang ngambek, tacut wkkwkwkwkw gua kan bucin.'","anjing ya tapi gue jarang ngambek, takut wkwk gue kan bucin.'","asw ya tapi gua jarang ngambek, tacut wkkwkwkwkw gua kan bucin.'"
user kalo kamu noob pasti peluang disakitin nya lebih gede si',pengguna kalau kamu noob pasti peluang disakiti nya lebih gede si',user kalo kamu noob pasti peluang disakitin nya lebih gede si'
"user joko widodo dinilai sebagai presiden terlemah dalam sejarah indonesia. hal ini terjadi bukan saja karena jokowi tidak memiliki modal dukungan politik yang cukup, melainkan juga karena ketidakmampuan pemerintahannya menghadapi situasi ekonomi g","pengguna joko widodo dinilai sebagai presiden terlemah dalam sejarah indonesia. hal ini terjadi bukan saja karena jokowi tidak memiliki modal dukungan politik yang cukup, melainkan juga karena ketidakmampuan pemerintahannya menghadapi situasi ekonomi tidak","user joko widodo dinilai sebagai presiden terlemah dalam sejarah indonesia. hal ini terjadi bukan saja karena jokowi tidak memiliki modal dukungan politik yang cukup, melainkan juga karena ketidakmampuan pemerintahannya menghadapi situasi ekonomi g"
pelajar sma kec bilah hilir deklarasi anti hoax &amp; pilkada 2018 damai,pelajar sama kecamatan bilah hilir deklarasi anti hoaks &amp; pilihan kepala daerah 2018 damai,pelajar sma kec bilah hilir deklarasi anti hoax &amp; pilkada 2018 damai
bandara udara internasional kertajati dibangun oleh gubernur ahmad heryawan tanpa gunakan apbn pemerintah pusat. insya allah siap beroperasi bulan depan;,bandara udara internasional kertajati dibangun oleh gubernur ahmad heryawan tanpa gunakan anggaran pendapatan dan belanja negara pemerintah pusat. insya allah siap beroperasi bulan depan;,bandara udara internasional kertajati dibangun oleh gubernur ahmad heryawan tanpa gunakan apbn pemerintah pusat. insya allah siap beroperasi bulan depan;
"siapapun gubernur dan presidennya, rakyatnya, ya kita² juga...","siapapun gubernur dan presidennya, rakyatnya, ya kita² juga...","siapapun gubernur dan presidennya, rakyatnya, ya kita² juga..."
ini si user kerjaannya delay mulu! setan!',ini sih pengguna kerjaannya delay mulu! setan!',ini si user kerjaannya delay mulu! setan!'
menurutku pintu sorga ada yaitu pintu sorga yang asli dan pintu hatimu modusbanget,menurutku pintu sorga ada yaitu pintu sorga yang asli dan pintu hatimu modus banget,menurutku pintu sorga ada yaitu pintu sorga yang asli dan pintu hatimu modusbanget
rt user user user pki hanya muncul jika jelang pemilihan kepala daerah dan pemilihan presiden krn digoreng sampai gosong.,rt pengguna pengguna pengguna partai komunis indonesia hanya muncul jika jelang pemilihan kepala daerah dan pemilihan presiden karena digoreng sampai gosong.,rt user user user pki hanya muncul jika jelang pemilihan kepala daerah dan pemilihan presiden krn digoreng sampai gosong.
user user itu mah sdh nenek-nenek sy heran sama cebong biasay bohong terus',pengguna pengguna itu adalah sudah nenek-nenek saya heran sama cebong biasanya bohong terus',user user itu mah sdh nenek-nenek sy heran sama cebong biasay bohong terus'
"user user user user user user user user user islam nusantara produk jil, dipasarkan dg gencar oleh antek\xc2\xb2 jil.\n\nsementara jil anti arab, tapi pro aseng!\n\nkata (alm) kh. hasyim muzadi,","pengguna pengguna pengguna pengguna pengguna pengguna pengguna pengguna pengguna islam nusantara produk jil, dipasarkan dengan gencar oleh antek\xc2\xb2 jil.\n\nsementara jil anti arab, tapi pro aseng!\n\nkata (alm) kh. hasyim muzadi,","user user user user user user user user user islam nusantara produk jil, dipasarkan dg gencar oleh antek\xc2\xb2 jil.\n\nsementara jil anti arab, tapi pro aseng!\n\nkata (alm) kh. hasyim muzadi,"
dari habis sahur sampe jam 10. sibayik udah nete 4x. skg rasanya lemas tak terkira \xf0\x9f\xa4\xa2',dari habis sahur sampai jam 10. si bayi sudah nete 4x. sekarang rasanya lemas tak terkira \xf0\x9f\xa4\xa2',dari habis sahur sampe jam 10. sibayik udah nete 4x. skg rasanya lemas tak terkira \xf0\x9f\xa4\xa2'
user gak kak emak mah gak demen ama yang sipit wkwk',pengguna tidak kak emak adalah tidak suka sama yang sipit wkwk',user gak kak emak mah gak demen ama yang sipit wkwk'
"rt user: kelakuan homok jaman now, ngentot aja sambil live di blued #gayvid #gvid #lokalhangat url","rt user: kelakuan homo jaman now, ngentot saja sambil live di blued #gayvid #gvid #lokalhangat uniform resource locator","rt user: kelakuan homok jaman now, ngentot aja sambil live di blued #gayvid #gvid #lokalhangat url"
"user ga kak, gua bukan orang jawa maaf yak :(; ; gua orang palembang soalnya, kakak aja deh yg belajar aksara jawa. atau kalak mau belajar budaya palembang?","pengguna tidak kak, gue bukan orang jawa maaf ya :(; ; gue orang palembang soalnya, kakak saja deh yang belajar aksara jawa. atau kelak mau belajar budaya palembang?","user ga kak, gua bukan orang jawa maaf yak :(; ; gua orang palembang soalnya, kakak aja deh yg belajar aksara jawa. atau kalak mau belajar budaya palembang?"
pegawai guardian training lagi kek mentang2 gue kek gembel cuman kaos sama flat shoes nanya dijutekin bangsad emang males belinya juga kabur gua ke matahari',pegawai guardian training lagi kayak mentang mentang gue kayak gembel cuma kaos sama flat shoes bertanya dijutekin bangsat memang malas belinya juga kabur gue ke matahari',pegawai guardian training lagi kek mentang2 gue kek gembel cuman kaos sama flat shoes nanya dijutekin bangsad emang males belinya juga kabur gua ke matahari'
\xe2\x80\x9dpara bajingan yang telah melukai lady harus menerima ganjaran seratus kali lipat!!\xe2\x80\x9d(sanji) ##hbd17thpelautjkt48',\xe2\x80\x9dpara bajingan yang telah melukai lady harus menerima ganjaran seratus kali lipat!!\xe2\x80\x9d(sanji) ##hbd17thpelautjkt48',\xe2\x80\x9dpara bajingan yang telah melukai lady harus menerima ganjaran seratus kali lipat!!\xe2\x80\x9d(sanji) ##hbd17thpelautjkt48'
ajakan menolak berita hoax dan sukseskan pilkada di wilayah kota keidri:,ajakan menolak berita hoaks dan sukseskan pilihan kepala daerah di wilayah kota keidri:,ajakan menolak berita hoax dan sukseskan pilkada di wilayah kota keidri:
user user presiden ri jokowi luarbiasa kerja nya tulus ihlas untuk #rakyatb3rsamajkw,pengguna pengguna presiden ri jokowi luar biasa kerja nya tulus ikhlas untuk #rakyatb3rsamajkw,user user presiden ri jokowi luarbiasa kerja nya tulus ihlas untuk #rakyatb3rsamajkw
edan emang goollnya fabiano!!',edan memang tujuannya fabiano!!',edan emang goollnya fabiano!!'
gapernah mendalami al-quran ya bang??? pantesan mulutnya kaya orang kafir bejat hina farhatabbaslaw',tidak pernah mendalami al-quran ya bang??? pantas saja mulutnya kayak orang kafir bejat hina farhatabbaslaw',gapernah mendalami al-quran ya bang??? pantesan mulutnya kaya orang kafir bejat hina farhatabbaslaw'
"sangat terlihat beda sekali kewibawaannya ,; yg sangat berwibawa cuma gubernur indonesia user ; massya allah...","sangat terlihat beda sekali kewibawaannya ,; yang sangat berwibawa cuma gubernur indonesia pengguna ; masya allah...","sangat terlihat beda sekali kewibawaannya ,; yg sangat berwibawa cuma gubernur indonesia user ; massya allah..."
anjir baru kali ini lihat orang bego mau debat pilkada. kerjanya nyerang karakter. shame on you mpok silvy and agus. #debatfinalpilkadajkt,anjir baru kali ini lihat orang bego mau debat pilkada. kerjanya menyerang karakter. kecewa on kamu empok silvy and agus. #debatfinalpilkadajkt,anjir baru kali ini lihat orang bego mau debat pilkada. kerjanya nyerang karakter. shame on you mpok silvy and agus. #debatfinalpilkadajkt
"#gubernurzamannow #gusipulputi2 #ganjaryasin1 #djarotsihar2 #hasananton2 #kosterace1 #nurdinsudirman3 #karolingidot2 rt user: ""keanekaragaman budaya, suku, agama, itulah sesungguhnya kekayaan kita,�?? tutur djarot di hadapan peserta rakercabsu�?�","#gubernurzamannow #gusipulputi2 #ganjaryasin1 #djarotsihar2 #hasananton2 #kosterace1 #nurdinsudirman3 #karolingidot2 rt user: ""keanekaragaman budaya, suku, agama, itulah sesungguhnya kekayaan kita,�?? tutur djarot di hadapan peserta rakercabsu�?�","#gubernurzamannow #gusipulputi2 #ganjaryasin1 #djarotsihar2 #hasananton2 #kosterace1 #nurdinsudirman3 #karolingidot2 rt user: ""keanekaragaman budaya, suku, agama, itulah sesungguhnya kekayaan kita,�?? tutur djarot di hadapan peserta rakercabsu�?�"
"user user apa iya islam itu ga boleh dilokalisasi? lha kristen aja mas ada nusantaranya mas, liat aja di gereja di bandung ada yg pake gamelan dan ada yg khotbah pake bhs sunda/jawa, ada hkbp juga kurang nusantara apa?'","pengguna pengguna apa iya islam itu tidak boleh dilokalisasi? lah kristen saja mas ada nusantaranya mas, lihat saja di gereja di bandung ada yang pakai gamelan dan ada yang khotbah pakai bahas sunda/jawa, ada huria kristen batak protestan juga kurang nusantara apa?'","user user apa iya islam itu ga boleh dilokalisasi? lha kristen aja mas ada nusantaranya mas, liat aja di gereja di bandung ada yg pake gamelan dan ada yg khotbah pake bhs sunda/jawa, ada hkbp juga kurang nusantara apa?'"
"ciptakan situasi kamtibmas menjelang pilkada 2018, kapolsek konang silaturahmi ke tokoh masyarakat","ciptakan situasi keamanan dan ketertiban masyarakat menjelang pilihan kepala daerah 2018, kepala kepolisian sektor konang silaturahmi ke tokoh masyarakat","ciptakan situasi kamtibmas menjelang pilkada 2018, kapolsek konang silaturahmi ke tokoh masyarakat"
user user positif kok.\nse-positif respon masyarakat terhadap\n- cangkul impor\n- garam impor\n- beras impor\n- jagung impor\n- tenaga kerja impor\n- esemka impor\n\nurl,pengguna pengguna positif kok.\nse-positif respon masyarakat terhadap\n- cangkul impor\n- garam impor\n- beras impor\n- jagung impor\n- tenaga kerja impor\n- esemka impor\n\nurl,user user positif kok.\nse-positif respon masyarakat terhadap\n- cangkul impor\n- garam impor\n- beras impor\n- jagung impor\n- tenaga kerja impor\n- esemka impor\n\nurl
"user user user user kata sembahyang mengadopsi tradisi lokal pada masa kerjaan hindu.\n\nistilah\xc2\xa0sembahyang\xc2\xa0pun lahir dari tradisi ritus\xc2\xa0menyembahhyang (yang tunggal), sama dengan\xc2\xa0shalat menyembah all","pengguna pengguna pengguna pengguna kata sembahyang mengadopsi tradisi lokal pada masa pekerjaan hindu.\n\nistilah\xc2\xa0sembahyang\xc2\xa0pun lahir dari tradisi ritus\xc2\xa0menyembahhyang (yang tunggal), sama dengan\xc2\xa0shalat menyembah all","user user user user kata sembahyang mengadopsi tradisi lokal pada masa kerjaan hindu.\n\nistilah\xc2\xa0sembahyang\xc2\xa0pun lahir dari tradisi ritus\xc2\xa0menyembahhyang (yang tunggal), sama dengan\xc2\xa0shalat menyembah all"
kau pendikan tinggi tapi bodoh....gk ada larang bawa agama..biar orang islam yg di bayar ahok sadar gk jadi milih ahok gla,kamu pendidikan tinggi tapi bodoh....gk ada larang bawa agama..biar orang islam yang di bayar ahok sadar tidak jadi memilih ahok gila,kau pendikan tinggi tapi bodoh....gk ada larang bawa agama..biar orang islam yg di bayar ahok sadar gk jadi milih ahok gla
"user user btp the best ,,,abaikan kaum kampret otak micin ,,,'","pengguna pengguna ahok the best ,,,abaikan kaum kampret otak micin ,,,'","user user btp the best ,,,abaikan kaum kampret otak micin ,,,'"
"user user , si otak tempurung mah ga usah d ladenin. smkn d lawan semakin bloon dan dungu. dan kalo ga gitu dia ga makan. hehe'","pengguna pengguna , sih otak tempurung adalah tidak usah di ladenin. semakin di lawan semakin belum dan dungu. dan kalau tidak begitu dia tidak makan. hehe'","user user , si otak tempurung mah ga usah d ladenin. smkn d lawan semakin bloon dan dungu. dan kalo ga gitu dia ga makan. hehe'"
"user awaasss... jgn sampe beritanya sampe ke akhi gerung! ntar susah nyari kosakatany. klu bcr aja micingin mata, bibir monyong kesamping, suara keluar ky lg nhn kentut.. ""politik kotor skl jmn ini!"". klu tahu brt ini.. plng sambil ky nhn ngeden..""dungu!"". \xf0\x9f\x98\x8b","pengguna awaasss... jangan sampai beritanya sampai ke saudara gerung! nanti susah mencari kosakatany. kalau bocor saja memicing mata, bibir monyong kesamping, suara keluar ky lagi nhn kentut.. ""politik kotor sekali zaman ini!"". kalau tahu brt ini.. pulang sambil ky nhn ngeden..""dungu!"". \xf0\x9f\x98\x8b","user awaasss... jgn sampe beritanya sampe ke akhi gerung! ntar susah nyari kosakatany. klu bcr aja micingin mata, bibir monyong kesamping, suara keluar ky lg nhn kentut.. ""politik kotor skl jmn ini!"". klu tahu brt ini.. plng sambil ky nhn ngeden..""dungu!"". \xf0\x9f\x98\x8b"
pinokio umur 3 taonan tuh. #2019gantipresiden,pinokio umur 3 tahunan tuh. #2019gantipresiden,pinokio umur 3 taonan tuh. #2019gantipresiden
"user cerita silat lae \xf0\x9f\x98\x80 semacam kho ping hoo yang dari indonesia, tapi liang ie shen penulis dari china'","pengguna cerita silat lae \xf0\x9f\x98\x80 semacam kho merah muda oh yang dari indonesia, tapi liang ie shen penulis dari china'","user cerita silat lae \xf0\x9f\x98\x80 semacam kho ping hoo yang dari indonesia, tapi liang ie shen penulis dari china'"
rt user benci sekali dgn umat islam,rt pengguna benci sekali dengan umat islam,rt user benci sekali dgn umat islam
"user user user ""provokasi mayat, politisasi agama"" penyebab kekalahan pilkada dki, beginilah cara cebong mendeskripsikan kekalahan junjungannya.; fyi ahog blm pernah ikut pemilihan apapun (kec jd wakil) dan dia bukanlah etnis mayorita","pengguna pengguna pengguna ""provokasi mayat, politisasi agama"" penyebab kekalahan pilihan kepala daerah dki, beginilah cara cebong mendeskripsikan kekalahan junjungannya.; for your information ahok belum pernah ikut pemilihan apapun (kec jadi wakil) dan dia bukanlah etnis mayoritas","user user user ""provokasi mayat, politisasi agama"" penyebab kekalahan pilkada dki, beginilah cara cebong mendeskripsikan kekalahan junjungannya.; fyi ahog blm pernah ikut pemilihan apapun (kec jd wakil) dan dia bukanlah etnis mayorita"
user dari pada gua nete',pengguna dari pada gue nete',user dari pada gua nete'
user lol bani lowo',pengguna wkwk bani lowo',user lol bani lowo'
"takabur bisa lahir dari siapa saja. penguasa, rakyat, ulama maupun cendikia. bahkan iblis mahluq yg alim &amp; telah beribadah beratus2 th dilaknat krn hasud takabburnya. apalagi hanya seorang ahli ilmu filsafat yg tdk failosof; ; mari kita demo diri sendi","takabur bisa lahir dari siapa saja. penguasa, rakyat, ulama maupun cendikia. bahkan iblis makhluk yang alim &amp; telah beribadah beratus ratus tahun dilaknat karena hasud takabburnya. apalagi hanya seorang ahli ilmu filsafat yang tidak failosof; ; mari kita demo diri sendi","takabur bisa lahir dari siapa saja. penguasa, rakyat, ulama maupun cendikia. bahkan iblis mahluq yg alim &amp; telah beribadah beratus2 th dilaknat krn hasud takabburnya. apalagi hanya seorang ahli ilmu filsafat yg tdk failosof; ; mari kita demo diri sendi"
"a orang yang suka ke konser-konser, sedikit boros.","a orang yang suka ke konser-konser, sedikit boros.","a orang yang suka ke konser-konser, sedikit boros."
[ sampai kapan makan racun ? ]; _; banyak ulama yang mengatakan hukum rokok mubah dan ada juga�?�,[ sampai kapan makan racun ? ]; _; banyak ulama yang mengatakan hukum rokok mubah dan ada juga�?�,[ sampai kapan makan racun ? ]; _; banyak ulama yang mengatakan hukum rokok mubah dan ada juga�?�
susilo bambang yudhoyono presiden ri ke 6 meminta khofifah emil untuk dekat dengan masyarakat . no 1 bisa ! baguss #khofifahemilnomer1,susilo bambang yudhoyono presiden ri ke 6 meminta khofifah emil untuk dekat dengan masyarakat . no 1 bisa ! bagus #khofifahemilnomer1,susilo bambang yudhoyono presiden ri ke 6 meminta khofifah emil untuk dekat dengan masyarakat . no 1 bisa ! baguss #khofifahemilnomer1
"user udah biasa kali. gue kpoper tapi kalo ngomonv sama temen2 gue, idol gua banci homo'","pengguna sudah biasa kali. gue penggemar korea pop tapi kalau mengomong sama teman teman gue, idol gue banci homo'","user udah biasa kali. gue kpoper tapi kalo ngomonv sama temen2 gue, idol gua banci homo'"
saya suka video user url awal kisah perseteruan haji bolot &amp; malih tongtong',saya suka video pengguna uniform resource locator awal kisah perseteruan haji bolot &amp; malih tongtong',saya suka video user url awal kisah perseteruan haji bolot &amp; malih tongtong'
"budaya kafir bersungguh, klau hal2 islam tidak diendahkan...","budaya kafir bersungguh, kalau hal hal islam tidak diendahkan...","budaya kafir bersungguh, klau hal2 islam tidak diendahkan..."
"user user user user \xf0\x9f\x8e\xb6 la la la...hm hmm \xf0\x9f\x8e\xa7 ""semua diam ,semua bisu""\n""kita coba tanya sama rumput yg bergoyang"" \n\xe2\x99\xab\xe2\x99\xab\xe2\x99\xab\xe2\x99\xaa\xe2\x99\xaa\xe2\x99\xaa'","pengguna pengguna pengguna pengguna \xf0\x9f\x8e\xb6 lah lah la...hm hem \xf0\x9f\x8e\xa7 ""semua diam ,semua bisu""\n""kita coba tanya sama rumput yang bergoyang"" \n\xe2\x99\xab\xe2\x99\xab\xe2\x99\xab\xe2\x99\xaa\xe2\x99\xaa\xe2\x99\xaa'","user user user user \xf0\x9f\x8e\xb6 la la la...hm hmm \xf0\x9f\x8e\xa7 ""semua diam ,semua bisu""\n""kita coba tanya sama rumput yg bergoyang"" \n\xe2\x99\xab\xe2\x99\xab\xe2\x99\xab\xe2\x99\xaa\xe2\x99\xaa\xe2\x99\xaa'"
"apabila setan membisikkan was-was kepadamu, mintalah perlindungan kepada allah. (qs. al-a\xe2\x80\x99raf: 200 dan fushilat: 36).'","apabila setan membisikkan was-was kepadamu, mintalah perlindungan kepada allah. (qs. al-a\xe2\x80\x99raf: 200 dan fushilat: 36).'","apabila setan membisikkan was-was kepadamu, mintalah perlindungan kepada allah. (qs. al-a\xe2\x80\x99raf: 200 dan fushilat: 36).'"
user user user user user user user klw ente atheis..ngapain sibuk dgn agama orang...,pengguna pengguna pengguna pengguna pengguna pengguna pengguna kalau kamu atheis..ngapain sibuk dengan agama orang...,user user user user user user user klw ente atheis..ngapain sibuk dgn agama orang...
lengserkan jokowi bangsat!!,lengserkan jokowi bangsat!!,lengserkan jokowi bangsat!!
user selamat hari kartini ; ; #2019gantipresiden; #2019presidenbaru,pengguna selamat hari kartini ; ; #2019gantipresiden; #2019presidenbaru,user selamat hari kartini ; ; #2019gantipresiden; #2019presidenbaru
"rt user: bajingan homo!!!\nhati2 terhadap anak2 kita terutama di kamar mandi laki2, jgn biarkan sendiri! url","rt user: bajingan homo!!!\nhati2 terhadap anak anak kita terutama di kamar mandi laki2, jangan biarkan sendiri! uniform resource locator","rt user: bajingan homo!!!\nhati2 terhadap anak2 kita terutama di kamar mandi laki2, jgn biarkan sendiri! url"
user iya cocot',pengguna iya cocot',user iya cocot'
user karena budaya indonesia.,pengguna karena budaya indonesia.,user karena budaya indonesia.
"user yang ngajarin solat'a ajah itu orang aseng dia hanya ingin memecah belah islam""","pengguna yang mengajarkan solat'a saja itu orang asing dia hanya ingin memecah belah islam""","user yang ngajarin solat'a ajah itu orang aseng dia hanya ingin memecah belah islam"""
user x || lo ngomong aja kaga bener bangke',pengguna x || kamu berbicara saja tidak benar bangke',user x || lo ngomong aja kaga bener bangke'
user user kita semua tidak pernah akan mempercayai yg negara kita disuatu hari nanti akan dijajah oleh kerana terdapat kes2pembubaran sistem2 beraja dinegara kita kini untuk menjadikan sebagai negara republik komunis padahal negara2 penjaja,pengguna pengguna kita semua tidak pernah akan memercayai yang negara kita di suatu hari nanti akan dijajah oleh ke ranah terdapat kasus kasus pembubaran sistem sistem beraja di negara kita kini untuk menjadikan sebagai negara republik komunis padahal negara negara penjaja,user user kita semua tidak pernah akan mempercayai yg negara kita disuatu hari nanti akan dijajah oleh kerana terdapat kes2pembubaran sistem2 beraja dinegara kita kini untuk menjadikan sebagai negara republik komunis padahal negara2 penjaja
tapi masih menikmati kebijakan yang dulu diusulkan pki.. lha yo opo...,tapi masih menikmati kebijakan yang dulu diusulkan pki.. lah iya opo...,tapi masih menikmati kebijakan yang dulu diusulkan pki.. lha yo opo...
kalo seumpama orang cina di usir paksa dari indonesia gimana,kalau seumpama orang cina di usir paksa dari indonesia bagaimana,kalo seumpama orang cina di usir paksa dari indonesia gimana
user bunda ngentot yuk',pengguna bunda ngentot yuk',user bunda ngentot yuk'
rt user: china babi... china maling...\n#usirchina https:\/\/t.co\/9y4hiwhjp2,rt user: cina babi... cina maling...\n#usirchina https:\/\/t.co\/9y4hiwhjp2,rt user: china babi... china maling...\n#usirchina https:\/\/t.co\/9y4hiwhjp2
"bung karno anti asing dan beliau dari jawa, coba deh adain konsensus lebih banyak mana jawa yang anti asing atau pro asing karena kebo*ohannya. \n\nkalau kami keliru kami tutup akun'","bung karno anti asing dan beliau dari jawa, coba deh adakan konsensus lebih banyak mana jawa yang anti asing atau pro asing karena kebo*ohannya. \n\nkalau kami keliru kami tutup akun'","bung karno anti asing dan beliau dari jawa, coba deh adain konsensus lebih banyak mana jawa yang anti asing atau pro asing karena kebo*ohannya. \n\nkalau kami keliru kami tutup akun'"
proyek korupsi rezim sby url,proyek korupsi rezim susilo bambang yudhoyono uniform resource locator,proyek korupsi rezim sby url
"user wajar saja, lihat saja tingkah bbrp petinggi negeri ini yg suka mencampur bhs indonesia dgn bhs asing setiap kali bicara'","pengguna wajar saja, lihat saja tingkah beberapa petinggi negeri ini yang suka mencampur bahas indonesia dengan bahas asing setiap kali bicara'","user wajar saja, lihat saja tingkah bbrp petinggi negeri ini yg suka mencampur bhs indonesia dgn bhs asing setiap kali bicara'"
ab: pribadi yg senang berkompetisi dalam hal yang baik dan positif,ab: pribadi yang senang berkompetisi dalam hal yang baik dan positif,ab: pribadi yg senang berkompetisi dalam hal yang baik dan positif
user user terus menurut lo kitab suci agama apa yg di bilang om user ; ; #mendadakkalap,pengguna pengguna terus menurut kamu kitab suci agama apa yang di bilang om pengguna ; ; #mendadakkalap,user user terus menurut lo kitab suci agama apa yg di bilang om user ; ; #mendadakkalap
user suka nutup mata. kaga ditutup pun udah terlihat tertutup gara2 sipit /?',pengguna suka menutup mata. tidak ditutup pun sudah terlihat tertutup gara gara sipit /?',user suka nutup mata. kaga ditutup pun udah terlihat tertutup gara2 sipit /?'
"user sy sbg muslim tdk merasa pak user menistakan kitab suci alqur'an, krn dlm alqur'an sndri ada bbrp suku kata yg smpai dtik ini blm diketahui mkna faktualnya olh umat islam, tp kami yakini kata tsb ada makna yg tersirat (fiksi) yg blm","pengguna saya sebagai muslim tidak merasa pak pengguna menistakan kitab suci alqur'an, karena dalam alqur'an sendiri ada beberapa suku kata yang sampai detik ini belum diketahui makna faktualnya oleh umat islam, tetapi kami yaitu kata tersebut ada makna yang tersirat (fiksi) yang belum","user sy sbg muslim tdk merasa pak user menistakan kitab suci alqur'an, krn dlm alqur'an sndri ada bbrp suku kata yg smpai dtik ini blm diketahui mkna faktualnya olh umat islam, tp kami yakini kata tsb ada makna yg tersirat (fiksi) yg blm"
user eh kasar kau kampang',pengguna eh kasar kamu kampang',user eh kasar kau kampang'
"bentar lagi gua rilis album the onta's wkwkwkwkwk""","bentar lagi gue rilis album the onta's wkwkwkwkwk""","bentar lagi gua rilis album the onta's wkwkwkwkwk"""
user ada cebong bang dia merasa paling benar',pengguna ada cebong bang dia merasa paling benar',user ada cebong bang dia merasa paling benar'
najis banget gw ngetwit apa barusan wey',najis banget gue mentwit apa barusan wey',najis banget gw ngetwit apa barusan wey'
kamu transgender atau gmn anjing :( url,kamu transgender atau bagaimana anjing :( uniform resource locator,kamu transgender atau gmn anjing :( url
user awas bintitan lu ngintipin titit kucing',pengguna awas bintitan kamu mengintip titit kucing',user awas bintitan lu ngintipin titit kucing'
"user user bawel, baper, bolot, baik, bodor , gaje wkwk apa ya udah itu aja deh'","pengguna pengguna bawel, baper, bolot, baik, bodor , enggak jelas wkwk apa ya sudah itu saja deh'","user user bawel, baper, bolot, baik, bodor , gaje wkwk apa ya udah itu aja deh'"
"user user user user gue saranin gk perlu bnyk bacot maling ayat, langsung to the point aja lu jadi orang... yg tdk sepaham lu teriakin aja kafir sesat, liberal, pemuja dukun, bla blaaa.. pasti hatimu puas dehh ..'","pengguna pengguna pengguna pengguna gue menyarankan tidak perlu banyak bacot maling ayat, langsung to the point saja kamu jadi orang... yang tidak sepaham kamu teriaki saja kafir sesat, liberal, pemuja dukun, bla blaaa.. pasti hatimu puas deh ..'","user user user user gue saranin gk perlu bnyk bacot maling ayat, langsung to the point aja lu jadi orang... yg tdk sepaham lu teriakin aja kafir sesat, liberal, pemuja dukun, bla blaaa.. pasti hatimu puas dehh ..'"
jgn salah target bkn ahok... agenda utama lengserkan jokowi ..,jangan salah target bukan ahok... agenda utama lengserkan jokowi ..,jgn salah target bkn ahok... agenda utama lengserkan jokowi ..
user user masa baru kena hestek aja udah kepanasan ??? kepo banget ; ; #2019gantipresiden,pengguna pengguna masa baru kena tagar saja sudah kepanasan ??? ingin tahu banget ; ; #2019gantipresiden,user user masa baru kena hestek aja udah kepanasan ??? kepo banget ; ; #2019gantipresiden
"maju lu sini duit tapi kau goyang kaki tak buat pape , mana la duit nak maju kat kau bodo url","maju kamu sini duit tapi kamu goyang kaki tak buat pape , mana lah duit nak maju kat kamu bodoh uniform resource locator","maju lu sini duit tapi kau goyang kaki tak buat pape , mana la duit nak maju kat kau bodo url"
"user hkbp berdiri itu sejak pecahnya kristen khatolik pada zaman penjajahan belanda,dl tdk ada yg namanya kristen protestan yg ada cm kristen khatolik.\nterjadilah perpecahan dan berdirilah hkbp yg prtama kali di tarutung.\n\nnah skrg anda sy k","pengguna huria kristen batak protestan berdiri itu sejak pecahnya kristen katolik pada zaman penjajahan belanda,dl tidak ada yang namanya kristen protestan yang ada cuma kristen khatolik.\nterjadilah perpecahan dan berdirilah huria kristen batak protestan yang pertama kali di tarutung.\n\nnah sekarang anda saya k","user hkbp berdiri itu sejak pecahnya kristen khatolik pada zaman penjajahan belanda,dl tdk ada yg namanya kristen protestan yg ada cm kristen khatolik.\nterjadilah perpecahan dan berdirilah hkbp yg prtama kali di tarutung.\n\nnah skrg anda sy k"
"ha .. ha .. banyak baca biar pintar ... jepang, amerika, china... utang sama siapa ... anda tau enggak ..?","apa .. apa .. banyak baca biar pintar ... jepang, amerika, china... utang sama siapa ... anda tau tidak ..?","ha .. ha .. banyak baca biar pintar ... jepang, amerika, china... utang sama siapa ... anda tau enggak ..?"
prabowo sudah kalah menyebut bantuan jokowi hanya pencitraan adalah ratapan pilu,prabowo sudah kalah menyebut bantuan jokowi hanya pencitraan adalah ratapan pilu,prabowo sudah kalah menyebut bantuan jokowi hanya pencitraan adalah ratapan pilu
user user dan yang takut dengan adzan adalah iblis',pengguna pengguna dan yang takut dengan azan adalah iblis',user user dan yang takut dengan adzan adalah iblis'
user user yg goblog itu adalah bani cebong tukang tipu penjilat penguasa yg ketahuan gerakin masa yg dibayar pakai nasi bungkus. propaganda nasi bungkus memang selalu gagal.',pengguna pengguna yang goblok itu adalah bani cebong tukang tipu penjilat penguasa yang ketahuan gerakan masa yang dibayar pakai nasi bungkus. propaganda nasi bungkus memang selalu gagal.',user user yg goblog itu adalah bani cebong tukang tipu penjilat penguasa yg ketahuan gerakin masa yg dibayar pakai nasi bungkus. propaganda nasi bungkus memang selalu gagal.'
user user user user wuih... cebong sewot...\n\xf0\x9f\x98\x82\xf0\x9f\x98\x82\xf0\x9f\x98\x82',pengguna pengguna pengguna pengguna wuih... cebong sewot...\n\xf0\x9f\x98\x82\xf0\x9f\x98\x82\xf0\x9f\x98\x82',user user user user wuih... cebong sewot...\n\xf0\x9f\x98\x82\xf0\x9f\x98\x82\xf0\x9f\x98\x82'
2. gerakan ini menekankan pentingnya kerja keras secara total untuk tingkatkan potensi bangsa,2. gerakan ini menekankan pentingnya kerja keras secara total untuk tingkatkan potensi bangsa,2. gerakan ini menekankan pentingnya kerja keras secara total untuk tingkatkan potensi bangsa
padahal gubernur saat ini djarot. mayoritas partai politik di dprd juga pendukung ahok djarot. payah ya mereka user url,padahal gubernur saat ini djarot. mayoritas partai politik di dewan perwakilan rakyat daerah juga pendukung ahok djarot. payah ya mereka pengguna uniform resource locator,padahal gubernur saat ini djarot. mayoritas partai politik di dprd juga pendukung ahok djarot. payah ya mereka user url
"user rezim rusak bukan memperbaiki systeamnya malah sibuk cari2 kesalahan klu itu pasti ketemu aja, kpk alatnya, besok pemerintah berganti berulang kembali engah pernah selesai siapapun organisasi, orangnya'","pengguna rezim rusak bukan memperbaiki sistemnya malah sibuk cari cari kesalahan kalau itu pasti ketemu aja, komisi pemberantasan korupsi alatnya, besok pemerintah berganti berulang kembali engah pernah selesai siapapun organisasi, orangnya'","user rezim rusak bukan memperbaiki systeamnya malah sibuk cari2 kesalahan klu itu pasti ketemu aja, kpk alatnya, besok pemerintah berganti berulang kembali engah pernah selesai siapapun organisasi, orangnya'"
"saat orang orang saling menuding antek aseng, aseng sesungguhnya bertepuk tangan.'","saat orang orang saling menuding antek aseng, asing sesungguhnya bertepuk tangan.'","saat orang orang saling menuding antek aseng, aseng sesungguhnya bertepuk tangan.'"
user nah loh katanya anti aseng',pengguna nah lah katanya anti aseng',user nah loh katanya anti aseng'
"selamat pak user semoga bisa terus berkiprah, bahkan tingkat nasional.","selamat pak pengguna semoga bisa terus berkiprah, bahkan tingkat nasional.","selamat pak user semoga bisa terus berkiprah, bahkan tingkat nasional."
#asyikm3nang saya sih ikut ulama saja,#asyikm3nang saya sih ikut ulama saja,#asyikm3nang saya sih ikut ulama saja
user yang saya ketahui bahwa diketapang banyak tka asing yg berkerja di berbagai perusahaan. termasuk pt who tambang bouksid yg viral saat pilpres dulu. \ndan bisa jadi ini karena kerja sama tsb terjadi di era gubernur cornelis dan wakilnya ora,pengguna yang saya ketahui bahwa diketapang banyak tenaga kerja asing asing yang bekerja di berbagai perusahaan. termasuk pt who tambang bauksit yang viral saat pemilihan presiden dulu. \ndan bisa jadi ini karena kerja sama tersebut terjadi di era gubernur cornelis dan wakilnya tidak,user yang saya ketahui bahwa diketapang banyak tka asing yg berkerja di berbagai perusahaan. termasuk pt who tambang bouksid yg viral saat pilpres dulu. \ndan bisa jadi ini karena kerja sama tsb terjadi di era gubernur cornelis dan wakilnya ora
user anak pecun... ga jauh2 dr hobi zina.. haha',pengguna anak pecun... tidak jauh jauh dari hobi zina.. haha',user anak pecun... ga jauh2 dr hobi zina.. haha'
user que bom sbbsnsn',pengguna aku bom sbbsnsn',user que bom sbbsnsn'
"user istirahat aja pak presiden momentum sudah berlalu, saya pernah jadi saksi telinga dan mata awal rapat pembentukan pd di pacitan tahun 2003","pengguna istirahat saja pak presiden momentum sudah berlalu, saya pernah jadi saksi telinga dan mata awal rapat pembentukan pada di pacitan tahun 2003","user istirahat aja pak presiden momentum sudah berlalu, saya pernah jadi saksi telinga dan mata awal rapat pembentukan pd di pacitan tahun 2003"
"pada 1979, house select committee on assassinations (hsca) menemukan cacat investigasi yang dilakukan fbi dan warren commission. hsca juga menyimpulkan ada empat tembakan yang dilakukan dan kemungkinan terdapat konspirasi di dalamnya.'","pada 1979, house select committee on assassination (hsca) menemukan cacat investigasi yang dilakukan fbi dan warren commission. hsca juga menyimpulkan ada empat tembakan yang dilakukan dan kemungkinan terdapat konspirasi di dalamnya.'","pada 1979, house select committee on assassinations (hsca) menemukan cacat investigasi yang dilakukan fbi dan warren commission. hsca juga menyimpulkan ada empat tembakan yang dilakukan dan kemungkinan terdapat konspirasi di dalamnya.'"
"user tak terasa genap 1 tahun mendatang 17 april 2018 akan digelar hajatan pilpres, acara tahunan negara indonesia untuk memilih presiden. semoga senantiasa berjalan aman dan lancar. amin.","pengguna tak terasa genap 1 tahun mendatang 17 april 2018 akan digelar hajatan pilpres, acara tahunan negara indonesia untuk memilih presiden. semoga senantiasa berjalan aman dan lancar. amin.","user tak terasa genap 1 tahun mendatang 17 april 2018 akan digelar hajatan pilpres, acara tahunan negara indonesia untuk memilih presiden. semoga senantiasa berjalan aman dan lancar. amin."
user ian pantat',pengguna ian pantat',user ian pantat'
"user user ngakunya org pintar dan beragama, emangnya agama mana yg memperbolehkan menista dan menghujat org lain???. jgnkan orang bodoh, org yg ( maaf) sejak lahir idiot sekalipun dia, kita hrs hargain sebagai sesama ciptaan tuhan. ingat : iblis itu juga pintar dan sangat licik!!!'","pengguna pengguna mengakuinya orang pintar dan beragama, memangnya agama mana yang memperbolehkan menista dan menghujat orang lain???. jangankan orang bodoh, orang yang ( maaf) sejak lahir idiot sekalipun dia, kita harus hargai sebagai sesama ciptaan tuhan. ingat : iblis itu juga pintar dan sangat licik!!!'","user user ngakunya org pintar dan beragama, emangnya agama mana yg memperbolehkan menista dan menghujat org lain???. jgnkan orang bodoh, org yg ( maaf) sejak lahir idiot sekalipun dia, kita hrs hargain sebagai sesama ciptaan tuhan. ingat : iblis itu juga pintar dan sangat licik!!!'"
pendaftaran capres untuk #pilpres2019 saja belum dibuka sampai agustus 2018...yang normatif begini politikus pdip masih belum paham? #2019gantipresiden !!,pendaftaran calon presiden untuk #pilpres2019 saja belum dibuka sampai agustus 2018...yang normatif begini politikus partai demokrasi indonesia perjuangan masih belum paham? #2019gantipresiden !!,pendaftaran capres untuk #pilpres2019 saja belum dibuka sampai agustus 2018...yang normatif begini politikus pdip masih belum paham? #2019gantipresiden !!
si tolol udah tau pemerintah rezim komunis ini bobrok koruptor bisa pimpinan sidang dpr paya cebong url,sih tolol sudah tau pemerintah rezim komunis ini bobrok koruptor bisa pimpinan sidang dewan perwakilan rakyat paya cebong uniform resource locator,si tolol udah tau pemerintah rezim komunis ini bobrok koruptor bisa pimpinan sidang dpr paya cebong url
dari dulu kenapa bapak w kalau ke mantan mantan w selalu mgerasa sedih ampe kepikiran dan gabisa tidur lohh?!! dan w ngerasa jadi anak yg brengsek aja gt ke laki2 :)))',dari dulu kenapa bapak gue kalau ke mantan mantan gue selalu merasa sedih sampai kepikiran dan tidak bisa tidur lohh?!! dan gue merasa jadi anak yang berengsek saja begitu ke laki laki :)))',dari dulu kenapa bapak w kalau ke mantan mantan w selalu mgerasa sedih ampe kepikiran dan gabisa tidur lohh?!! dan w ngerasa jadi anak yg brengsek aja gt ke laki2 :)))'
cina perusak bangsa!! usir !! stuju??,cina perusak bangsa!! usir !! stuju??,cina perusak bangsa!! usir !! stuju??
#2019gantipresiden scra konstitusional hak setiap rakyat woiii!! . gini nih kalo planga plongo tapi kelakuan otoriter.,#2019gantipresiden secara konstitusional hak setiap rakyat woiii!! . begini nih kalau plonga plongo tapi kelakuan otoriter.,#2019gantipresiden scra konstitusional hak setiap rakyat woiii!! . gini nih kalo planga plongo tapi kelakuan otoriter.
mari kita wujudkan pilkada kota bengkulu 2018 aman dan damai.; .; .; coki_adem86 98heru�?�,mari kita wujudkan pilihan kepala daerah kota bengkulu 2018 aman dan damai.; .; .; coki_adem86 98heru�?�,mari kita wujudkan pilkada kota bengkulu 2018 aman dan damai.; .; .; coki_adem86 98heru�?�
"mau tanya serius ini sm presiden jokowi======= knp yg ada cm islam nusantara,knp tdk ada kristen nusantara,budha,hindu bahkan kong huchu nusantara???'","mau tanya serius ini sama presiden jokowi======= kenapa yang ada cuma islam nusantara,knp tidak ada kristen nusantara,budha,hindu bahkan kong hucu nusantara???'","mau tanya serius ini sm presiden jokowi======= knp yg ada cm islam nusantara,knp tdk ada kristen nusantara,budha,hindu bahkan kong huchu nusantara???'"
korsa: pernyataan moeldoko bukti istana takut dengan kebangkitan umat islam,korsa: pernyataan moeldoko bukti istana takut dengan kebangkitan umat islam,korsa: pernyataan moeldoko bukti istana takut dengan kebangkitan umat islam
cowo yang jago drasex mana? sini ngentot sama adek - luvian',cowok yang jago drasex mana? sini ngentot sama adik - luvian',cowo yang jago drasex mana? sini ngentot sama adek - luvian'
"user kroasia itu kapir tauuu,ngapain blajar sm kapir...udh lupa sm kapling sorga??'","pengguna kroasia itu kafir tauuu,ngapain belajar sama kapir...udh lupa sama kapling sorga??'","user kroasia itu kapir tauuu,ngapain blajar sm kapir...udh lupa sm kapling sorga??'"
user user loh bukan nya mentri suharto ada yg homo?',pengguna pengguna lah bukan nya menteri soeharto ada yang homo?',user user loh bukan nya mentri suharto ada yg homo?'
gue tau loh bukan yang dulu yang masih culun dan cemen semua orang pasti akan berubah perlahan2 entah itu baik / buruk :)',gue tau lah bukan yang dulu yang masih culun dan takut semua orang pasti akan berubah perlahan lahan entah itu baik / buruk :)',gue tau loh bukan yang dulu yang masih culun dan cemen semua orang pasti akan berubah perlahan2 entah itu baik / buruk :)'
pada perang salib dulu itu kerajaan di afrika terbagi dua yakni babilonia pemeluk kristen dan tobaco pemeluk islam',pada perang salib dulu itu kerajaan di afrika terbagi dua yakni babilonia pemeluk kristen dan tobaco pemeluk islam',pada perang salib dulu itu kerajaan di afrika terbagi dua yakni babilonia pemeluk kristen dan tobaco pemeluk islam'
"kejar setorang memang cukup bangsad, mana rupiah turun \xf0\x9f\x98\xa5'","kejar setoran memang cukup bangsad, mana rupiah turun \xf0\x9f\x98\xa5'","kejar setorang memang cukup bangsad, mana rupiah turun \xf0\x9f\x98\xa5'"
"moga ini ada tindak lanjutnya!; ; pelaporan terhadap ?penista agama? ade armando akan dilakukan langsung oleh ketua umum fpi kh. shobri lubis ke bareskrim mabes polri, gambir, jakarta pusat pada selasa (10/4) pukul 13.00 wib.; #perhaps user;","semoga ini ada tindak lanjutnya!; ; pelaporan terhadap ?penista agama? adek armando akan dilakukan langsung oleh ketua umum front pembela islam kh. shobri lubis ke badan reserse kriminal markas besar polri, gambir, jakarta pusat pada selasa (10/4) pukul 13.00 wib.; #perhaps user;","moga ini ada tindak lanjutnya!; ; pelaporan terhadap ?penista agama? ade armando akan dilakukan langsung oleh ketua umum fpi kh. shobri lubis ke bareskrim mabes polri, gambir, jakarta pusat pada selasa (10/4) pukul 13.00 wib.; #perhaps user;"
user user user user user user user user bangke.. hajar!!!!',pengguna pengguna pengguna pengguna pengguna pengguna pengguna pengguna bangke.. hajar!!!!',user user user user user user user user bangke.. hajar!!!!'
user user user .\nonta mati klo kebanyakan minum',pengguna pengguna pengguna .\nonta mati kalau kebanyakan minum',user user user .\nonta mati klo kebanyakan minum'
url ahok tng mrka trus was-was hdpnya user user user user user user user,uniform resource locator ahok tng mereka terus was-was hidupnya pengguna pengguna pengguna pengguna pengguna pengguna pengguna,url ahok tng mrka trus was-was hdpnya user user user user user user user
itu baru di sul teng.. !!!; ini ekses akibat tersandera hutang china !!!; #2019gantipresiden; #2019presidenbaru ; #2019tetapjokowiganti,itu baru di sul teng.. !!!; ini ekses akibat tersandera hutang cina !!!; #2019gantipresiden; #2019presidenbaru ; #2019tetapjokowiganti,itu baru di sul teng.. !!!; ini ekses akibat tersandera hutang china !!!; #2019gantipresiden; #2019presidenbaru ; #2019tetapjokowiganti
"6. pride (yunani; \xe1\xbd\x99\xcf\x80\xce\xb5\xcf\x81\xce\xb7\xcf\x86\xce\xb1\xce\xbd\xce\xaf\xce\xb1-hyper\xc4\x93phania) keangkuhan/harga diri/kesombongan\ndikenal juga dengan sebutan hubris/vanity. harga diri yang tinggi dapat merubah manusia sombong, kesombongan membuat manusia terkutuk dimata tuhan.dan dapat membuat manusia mencintai dirinya sendiri-'","6. pride (yunani; \xe1\xbd\x99\xcf\x80\xce\xb5\xcf\x81\xce\xb7\xcf\x86\xce\xb1\xce\xbd\xce\xaf\xce\xb1-hyper\xc4\x93phania) keangkuhan/harga diri/kesombongan\ndikenal juga dengan sebutan hubris/vanity. harga diri yang tinggi dapat mengubah manusia sombong, kesombongan membuat manusia terkutuk dimata tuhan.dan dapat membuat manusia mencintai dirinya sendiri-'","6. pride (yunani; \xe1\xbd\x99\xcf\x80\xce\xb5\xcf\x81\xce\xb7\xcf\x86\xce\xb1\xce\xbd\xce\xaf\xce\xb1-hyper\xc4\x93phania) keangkuhan/harga diri/kesombongan\ndikenal juga dengan sebutan hubris/vanity. harga diri yang tinggi dapat merubah manusia sombong, kesombongan membuat manusia terkutuk dimata tuhan.dan dapat membuat manusia mencintai dirinya sendiri-'"
"aku bertanya tujuan pada hati\nlogikaku yg menjawab \ntapi hati tak tenang\naku bertanya pada logika \nhatiku sedih \nku cari jawaban dalam wasiat yg beliau tinggalkan. \ndan aku mulai menjadi terasing dan asing di mata manusia. \ntak apa duhai diri, ada","aku bertanya tujuan pada hati\nlogikaku yang menjawab \ntapi hati tak tenang\naku bertanya pada logika \nhatiku sedih \nku cari jawaban dalam wasiat yang beliau tinggalkan. \ndan aku mulai menjadi terasing dan asing di mata manusia. \ntak apa duhai diri, ada","aku bertanya tujuan pada hati\nlogikaku yg menjawab \ntapi hati tak tenang\naku bertanya pada logika \nhatiku sedih \nku cari jawaban dalam wasiat yg beliau tinggalkan. \ndan aku mulai menjadi terasing dan asing di mata manusia. \ntak apa duhai diri, ada"
user tak hanya kurang bertaji nya kpk era ini...tapi era ini juga komitmen dlm pemberantasan korupsi tdk spt di era pak sby....,pengguna tak hanya kurang bertaji nya komisi pemberantasan korupsi era ini...tapi era ini juga komitmen dalam pemberantasan korupsi tidak surat pemberitahuan tahunan di era pak sby....,user tak hanya kurang bertaji nya kpk era ini...tapi era ini juga komitmen dlm pemberantasan korupsi tdk spt di era pak sby....
rt user: admin tolol di partai tolol\npartai tolol untuk orang tolol',rt user: admin tolol di partai tolol\npartai tolol untuk orang tolol',rt user: admin tolol di partai tolol\npartai tolol untuk orang tolol'
"rt user: ayu ting ting goyang hot dekat raffi ahmad, nagita slavina: kampungan, norak url","rt user: ayu ting ting goyang hot dekat raffi ahmad, nagita slavina: kampungan, norak uniform resource locator","rt user: ayu ting ting goyang hot dekat raffi ahmad, nagita slavina: kampungan, norak url"
video ttg tka dibuat oleh malaysia tapi mengutip pernyataan saya di user,video tentang tenaga kerja asing dibuat oleh malaysia tapi mengutip pernyataan saya di pengguna,video ttg tka dibuat oleh malaysia tapi mengutip pernyataan saya di user
ppp: jangan buru-buru tolak wacana pilkada lewat� dprd,ppp: jangan buru-buru tolak wacana pilihan kepala daerah lewat� dewan perwakilan rakyat daerah,ppp: jangan buru-buru tolak wacana pilkada lewat� dprd
"random pagi2 ada bapak2 nyamperin ke meja kerja trus nanya ""pake bedak apa sih biar mukanya bersih, istri saya butek soalnya""\ningin ku jawab pake air wudhu tapi ku kristen.'","random pagi pagi ada bapak bapak menyamper ke meja kerja terus bertanya ""pake bedak apa sih biar mukanya bersih, istri saya butek soalnya""\ningin ku jawab pakai air wudhu tapi ku kristen.'","random pagi2 ada bapak2 nyamperin ke meja kerja trus nanya ""pake bedak apa sih biar mukanya bersih, istri saya butek soalnya""\ningin ku jawab pake air wudhu tapi ku kristen.'"
user user ko gua kampret',pengguna pengguna kok gue kampret',user user ko gua kampret'
memek lonte pengen disodok kontol gede',memek lonte ingin disodok kontol gede',memek lonte pengen disodok kontol gede'
jokowi aja yg mundur. user tutup. url,jokowi saja yang mundur. pengguna tutup. uniform resource locator,jokowi aja yg mundur. user tutup. url
"user ngomong opo itu.mulut kok seperti banci...beli kaca dulu lihat dirimu,. broo'","pengguna berbicara apa itu.mulut kok seperti banci...beli kaca dulu lihat dirimu,. broo'","user ngomong opo itu.mulut kok seperti banci...beli kaca dulu lihat dirimu,. broo'"
user ada amin rasis.\nada amat dani\nada ratna si paiiit.\nada si onta.\nada si lobang anus.\njdi jngan takut wo wo..\nkehabisan obat penenang yh.',pengguna ada amin rasis.\nada amat dani\nada ratna sih paiiit.\nada sih onta.\nada sih lobang anus.\njdi jangan takut oi wo..\nkehabisan obat penenang yh.',user ada amin rasis.\nada amat dani\nada ratna si paiiit.\nada si onta.\nada si lobang anus.\njdi jngan takut wo wo..\nkehabisan obat penenang yh.'
user tunggu komando imam bejat cabul user . taik beer \xf0\x9f\x8d\xba\n\nape2 bawa ulama...\ndasar banj sempak',pengguna tunggu komando imam bejat cabul pengguna . tai bir \xf0\x9f\x8d\xba\n\nape2 bawa ulama...\ndasar banj sempak',user tunggu komando imam bejat cabul user . taik beer \xf0\x9f\x8d\xba\n\nape2 bawa ulama...\ndasar banj sempak'
kabinet berantakan \npemecah belah persatuan hanya ad di rezim ini',kabinet berantakan \npemecah belah persatuan hanya ada di rezim ini',kabinet berantakan \npemecah belah persatuan hanya ad di rezim ini'
"dih! ngaku lebih pinter dr orang politik, ngaca dulu woyy tampang loe aja k\xc3\xa6k orang bego!!! user ckakakakak'","dih! mengakui lebih pintar dari orang politik, mengaca dulu oi tampang kamu saja k\xc3\xa6k orang bego!!! pengguna ckakakakak'","dih! ngaku lebih pinter dr orang politik, ngaca dulu woyy tampang loe aja k\xc3\xa6k orang bego!!! user ckakakakak'"
"#pdiperjuanganmenang dengan menekan perusahaan tambang dgn target proyek yang impossible, lalu dilelang murah pada antek cina. ntb contoh kasus. pdip mau menang? dasar bajingan'","#pdiperjuanganmenang dengan menekan perusahaan tambang dengan target proyek yang impossible, lalu dilelang murah pada antek cina. ntb contoh kasus. partai demokrasi indonesia perjuangan mau menang? dasar bajingan'","#pdiperjuanganmenang dengan menekan perusahaan tambang dgn target proyek yang impossible, lalu dilelang murah pada antek cina. ntb contoh kasus. pdip mau menang? dasar bajingan'"
user user ga caya sama mulut buaya mu bwang',pengguna pengguna tidak percaya sama mulut buaya mu bwang',user user ga caya sama mulut buaya mu bwang'
"2019, jika sby + prabowo menyatu melawan mega + jokowi , maka peristiwa 2004 akan terulang dimana pdip yg incumbent dikalahkan mutlak oleh sby. ; ; tp jk jkw+mega+sby melawan prabowo, mk pilpres selesai sudah. ; ; jk 3 poros di pilpres, mk salah satu lawan","2019, jika susilo bambang yudhoyono + prabowo menyatu melawan mega + jokowi , maka peristiwa 2004 akan terulang dimana partai demokrasi indonesia perjuangan yang incumbent dikalahkan mutlak oleh sby. ; ; tetapi jika jkw+mega+sby melawan prabowo, mk pemilihan presiden selesai sudah. ; ; jika 3 poros di pilpres, mk salah satu lawan","2019, jika sby + prabowo menyatu melawan mega + jokowi , maka peristiwa 2004 akan terulang dimana pdip yg incumbent dikalahkan mutlak oleh sby. ; ; tp jk jkw+mega+sby melawan prabowo, mk pilpres selesai sudah. ; ; jk 3 poros di pilpres, mk salah satu lawan"
rt user user jangan kayak banci kaleng kamu gatot sering buat gaduh gentleman lah mundur siap bersaing di pemilihan presidens 2019 melawan jokowi,rt pengguna pengguna jangan kayak banci kaleng kamu gatot sering buat gaduh gentleman lah mundur siap bersaing di pemilihan presiden 2019 melawan jokowi,rt user user jangan kayak banci kaleng kamu gatot sering buat gaduh gentleman lah mundur siap bersaing di pemilihan presidens 2019 melawan jokowi
bebal...,bebal...,bebal...
"5. yang terakhir karena indonesia negara dengan populasi muslim terbesar di dunia, yang mana islam saat ini merupakan musuh barat &amp; komunis karena dapat menghambat agenda dan kepentingan mereka.(obviously)'","5. yang terakhir karena indonesia negara dengan populasi muslim terbesar di dunia, yang mana islam saat ini merupakan musuh barat &amp; komunis karena dapat menghambat agenda dan kepentingan mereka.(obviously)'","5. yang terakhir karena indonesia negara dengan populasi muslim terbesar di dunia, yang mana islam saat ini merupakan musuh barat &amp; komunis karena dapat menghambat agenda dan kepentingan mereka.(obviously)'"
user user umuh &gt; persib\npersib kunyuk!!!!\n\xf0\x9f\x98\x82\xf0\x9f\x98\x82\xf0\x9f\x98\x82',pengguna pengguna umuh &gt; persib\npersib kunyuk!!!!\n\xf0\x9f\x98\x82\xf0\x9f\x98\x82\xf0\x9f\x98\x82',user user umuh &gt; persib\npersib kunyuk!!!!\n\xf0\x9f\x98\x82\xf0\x9f\x98\x82\xf0\x9f\x98\x82'
user user buat film muslim pilih ahok mati nggak di sholatin......; dijamin laris ......,pengguna pengguna buat film muslim pilih ahok mati enggak di sholatin......; dijamin laris ......,user user buat film muslim pilih ahok mati nggak di sholatin......; dijamin laris ......
"tapi banu banu yahudi itu tentu beda dgn banu banu kristen syriac. salah satu perbedaan ad banu yahudi tetep pake ""eloah/ elohim/ yahwe/"" sedangkan syriac sudah pake ""alah/ allah""'","tapi banu banu yahudi itu tentu beda dengan banu banu kristen syriac. salah satu perbedaan ada banu yahudi tetap pakai ""eloah/ elohim/ yahwe/"" sedangkan suriah sudah pakai ""alah/ allah""'","tapi banu banu yahudi itu tentu beda dgn banu banu kristen syriac. salah satu perbedaan ad banu yahudi tetep pake ""eloah/ elohim/ yahwe/"" sedangkan syriac sudah pake ""alah/ allah""'"
user eh kenapa muka merah2 tu? tak dpt cendol ke? bukan la setan cuaca skrg ni panas.',pengguna eh kenapa muka merah merah tu? tak dapat cendol ke? bukan lah setan cuaca sekarang nih panas.',user eh kenapa muka merah2 tu? tak dpt cendol ke? bukan la setan cuaca skrg ni panas.'
pemberitaan saracen diframing katak seakan tim prabowo dan anies-sandi. seberulnya itu media menumpahkan sakit hati katak dan cebong. *ehe,pemberitaan saracen diframing katak seakan tim prabowo dan anies-sandi. sebenarnya itu media menumpahkan sakit hati katak dan cebong. *ehe,pemberitaan saracen diframing katak seakan tim prabowo dan anies-sandi. seberulnya itu media menumpahkan sakit hati katak dan cebong. *ehe
"giat bhabinkamtibmas brigpol mbs sihombing pd hari ini, rabu 11 april 2018 melaks sambang desa dan tatap muka sekaligus monitoring kamtibmas menuju pilkada 2018 di desa lobusiregar i, tepatnya dirumah rudi panjaitan, helman siahaan dan hotman siahaan","giat bhayangkara pembina keamanan dan ketertiban masyarakat brigadir polisi manajemen berbasis sekolah sihombing pada hari ini, rabu 11 april 2018 melaksanakan sambang desa dan tatap muka sekaligus memantau keamanan dan ketertiban masyarakat menuju pilihan kepala daerah 2018 di desa lobusiregar i, tepatnya di rumah rudi panjaitan, helman siahaan dan hotman siahaan","giat bhabinkamtibmas brigpol mbs sihombing pd hari ini, rabu 11 april 2018 melaks sambang desa dan tatap muka sekaligus monitoring kamtibmas menuju pilkada 2018 di desa lobusiregar i, tepatnya dirumah rudi panjaitan, helman siahaan dan hotman siahaan"
syg bgt ya ngeliat perempuan kyk gini... gak ada status apa2 tp udah nemplok sm laki-laki sana sini. haduh....\nnagita slavina blak-blakan sebut ayu ting ting kampungan \xe2\x80\x93 viva url,sayang banget ya melihat perempuan kayak gini... tidak ada status apa apa tetapi sudah menempel sama laki-laki sana sini. haduh....\nnagita slavina blak-blakan sebut ayu ting ting kampungan \xe2\x80\x93 viva uniform resource locator,syg bgt ya ngeliat perempuan kyk gini... gak ada status apa2 tp udah nemplok sm laki-laki sana sini. haduh....\nnagita slavina blak-blakan sebut ayu ting ting kampungan \xe2\x80\x93 viva url
user jgn lupa juga kang.... umat katolik dan minorutas lainnya diperhatika. gubernur untuk semua golongan bukan satu golongan.',pengguna jangan lupa juga kang.... umat katolik dan minoritas lainnya diperhatika. gubernur untuk semua golongan bukan satu golongan.',user jgn lupa juga kang.... umat katolik dan minorutas lainnya diperhatika. gubernur untuk semua golongan bukan satu golongan.'
user user user user kan ane bukan cebong udeh dibilangin dari maren masih ngeyel\nsitu maksa ane jadi cebong?',pengguna pengguna pengguna pengguna kan saya bukan cebong sudah dibilangi dari kemarin masih ngeyel\nsitu memaksa saya jadi cebong?',user user user user kan ane bukan cebong udeh dibilangin dari maren masih ngeyel\nsitu maksa ane jadi cebong?'
"user kelemahan gerindra itu ada di orang ini,...prabowo turun elektabilitasnya karena congor fadlizon spt durno'","pengguna kelemahan gerindra itu ada di orang ini,...prabowo turun elektabilitasnya karena congor fadli zon surat pemberitahuan tahunan durno'","user kelemahan gerindra itu ada di orang ini,...prabowo turun elektabilitasnya karena congor fadlizon spt durno'"
"selamat hari kartini, setiap kali selalu dirayakan, lalu apa maknanya kali ini �?�?","selamat hari kartini, setiap kali selalu dirayakan, lalu apa maknanya kali ini �?�?","selamat hari kartini, setiap kali selalu dirayakan, lalu apa maknanya kali ini �?�?"
"foto memang bisu ,tpi memiliki banyak arti yg sush diartikan,sma seperti kamu susah diartikan,mau putus atau lanjut ?'","foto memang bisu ,tpi memiliki banyak arti yang susah diartikan,sma seperti kamu susah diartikan,mau putus atau lanjut ?'","foto memang bisu ,tpi memiliki banyak arti yg sush diartikan,sma seperti kamu susah diartikan,mau putus atau lanjut ?'"
user wakakakaka aku sudah mengalaminya \xf0\x9f\x98\x82\xf0\x9f\x98\x82\xf0\x9f\x98\x82\xf0\x9f\x98\x82 tetiba muncul grub wa a.n bani abd hadi a.k.a mbahku dan seketika aku mek kenal beberapa orang saja \xf0\x9f\xa4\xa3\xf0\x9f\xa4\xa3\xf0\x9f\xa4\,pengguna wkwk aku sudah mengalaminya \xf0\x9f\x98\x82\xf0\x9f\x98\x82\xf0\x9f\x98\x82\xf0\x9f\x98\x82 setibanya muncul grub wa a.n bani abdi hadi a.k.a mbahku dan seketika aku mek kenal beberapa orang saja \xf0\x9f\xa4\xa3\xf0\x9f\xa4\xa3\xf0\x9f\xa4\,user wakakakaka aku sudah mengalaminya \xf0\x9f\x98\x82\xf0\x9f\x98\x82\xf0\x9f\x98\x82\xf0\x9f\x98\x82 tetiba muncul grub wa a.n bani abd hadi a.k.a mbahku dan seketika aku mek kenal beberapa orang saja \xf0\x9f\xa4\xa3\xf0\x9f\xa4\xa3\xf0\x9f\xa4\
"abam pres badar n nuqaba pling boekkk�???, dia ni hebat dlm bidang agama, x tkut nk tgur member sndiri, n selalu wat lawak hambar (yg pling aku ingt smpai skrg lawak dia klau org ckp jom gerak skrg dia akn gerakkn badan dia yg chubby tu)�???,","ayah pres badar dan nuqaba paling boekkk�???, dia nih hebat dalam bidang agama, x takut natural killer tegur member sndiri, dan selalu buat lawak hambar (yg paling aku ingat sampai sekarang lawak dia kalau orang cukup jom gerak sekarang dia akan gerakan badan dia yang chubby tu)�???,","abam pres badar n nuqaba pling boekkk�???, dia ni hebat dlm bidang agama, x tkut nk tgur member sndiri, n selalu wat lawak hambar (yg pling aku ingt smpai skrg lawak dia klau org ckp jom gerak skrg dia akn gerakkn badan dia yg chubby tu)�???,"
�??seorang anak pekan telah mengilhamkan dasar ekonomi baru (deb) dan menjadi penggerak utama kepada kemajuan ekonomi luar bandar. beliau adalah allahyarham tun abdul razak�?? - ds user #malaysiamemilih #hogohundi,�??seorang anak pekan telah mengilhamkan dasar ekonomi baru (deb) dan menjadi penggerak utama kepada kemajuan ekonomi luar bandar. beliau adalah allah ya rahman tun abdul razak�?? - ds pengguna #malaysiamemilih #hogohundi,�??seorang anak pekan telah mengilhamkan dasar ekonomi baru (deb) dan menjadi penggerak utama kepada kemajuan ekonomi luar bandar. beliau adalah allahyarham tun abdul razak�?? - ds user #malaysiamemilih #hogohundi
"user user hahaha sialaaan nih si user,; ; ternyata klo lg laper, ; presiden juga mau disikat sama doi�???�??�; ;","pengguna pengguna haha sialaaan nih sih user,; ; ternyata kalau lagi laper, ; presiden juga mau disikat sama doi�???�??�; ;","user user hahaha sialaaan nih si user,; ; ternyata klo lg laper, ; presiden juga mau disikat sama doi�???�??�; ;"
"user user user mau menasehati kali supaya ga ugal2an nih rezim.. eh tapi ini negeri sdh keburu ancor..nah skrg saja ekonomi morat marit,, kacaoooooo!!'","pengguna pengguna pengguna mau menasihati kali supaya tidak ugal ugalan nih rezim.. eh tapi ini negeri sudah keburu ancor..nah sekarang saja ekonomi moral marit,, kacaoooooo!!'","user user user mau menasehati kali supaya ga ugal2an nih rezim.. eh tapi ini negeri sdh keburu ancor..nah skrg saja ekonomi morat marit,, kacaoooooo!!'"
"user aelaah silit kebeler,. ngapa dikasianin,., org makin sayang saya pak,.,\nsetelah kasus sosmed gw baru sadar bbrapa hal di seitansai kemarin.,.\ntar gw ceritain,., duuuhhh,. \xf0\x9f\xa4\xa3\xf0\x9f\xa4\xa3\xf0\x9f\x98\x85'","pengguna alah silit kebeler,. kenapa dikasianin,., orang makin sayang saya pak,.,\nsetelah kasus media sosial gue baru sadar beberapa hal di satu instansi kemarin.,.\ntar gue ceritain,., duuuhhh,. \xf0\x9f\xa4\xa3\xf0\x9f\xa4\xa3\xf0\x9f\x98\x85'","user aelaah silit kebeler,. ngapa dikasianin,., org makin sayang saya pak,.,\nsetelah kasus sosmed gw baru sadar bbrapa hal di seitansai kemarin.,.\ntar gw ceritain,., duuuhhh,. \xf0\x9f\xa4\xa3\xf0\x9f\xa4\xa3\xf0\x9f\x98\x85'"
"user iya, tdi cacad'","pengguna iya, tadi cacad'","user iya, tdi cacad'"
"user tahun 2019 rakyat makan aspal dan beton; ini adalah solusi jitu mengurangi kemiskinan; ; keahlian cebong hanya 1, tukang tipu !!!; cebong mah gitu, goblok nggak ketulungan. plonga plongo mengakibatkan optimisme berlebihan; ; #2019gantipresiden #","pengguna tahun 2019 rakyat makan aspal dan beton; ini adalah solusi jitu mengurangi kemiskinan; ; keahlian cebong hanya 1, tukang tipu !!!; cebong adalah gitu, goblok enggak ketulungan. plonga plongo mengakibatkan optimisme berlebihan; ; #2019gantipresiden #","user tahun 2019 rakyat makan aspal dan beton; ini adalah solusi jitu mengurangi kemiskinan; ; keahlian cebong hanya 1, tukang tipu !!!; cebong mah gitu, goblok nggak ketulungan. plonga plongo mengakibatkan optimisme berlebihan; ; #2019gantipresiden #"
"user aku pernah sempat baca ttg harun yahya ini yg 'membelot' ke kubu yahudi dgn freemasonry nya...kdg suka ga percaya...""","pengguna aku pernah sempat baca tentang harun yahya ini yang 'membelot' ke kubu yahudi dengan freemason nya...kdg suka tidak percaya...""","user aku pernah sempat baca ttg harun yahya ini yg 'membelot' ke kubu yahudi dgn freemasonry nya...kdg suka ga percaya..."""
kita maju bersama ulama ; kita bergerak bersama semua tokoh agama untuk indonesia; #nderekgusmus,kita maju bersama ulama ; kita bergerak bersama semua tokoh agama untuk indonesia; #nderekgusmus,kita maju bersama ulama ; kita bergerak bersama semua tokoh agama untuk indonesia; #nderekgusmus
user user user user user user user user user user user user user user user user user user user user user,pengguna pengguna pengguna pengguna pengguna pengguna pengguna pengguna pengguna pengguna pengguna pengguna pengguna pengguna pengguna pengguna pengguna pengguna pengguna pengguna pengguna,user user user user user user user user user user user user user user user user user user user user user
"#mukidikepedean ; pertanyaan mudah ya..; dijawab yg keras , tapi saya minta dijawab yg keras , siapa nama saya ?","#mukidikepedean ; pertanyaan mudah ya..; dijawab yang keras , tapi saya meminta dijawab yang keras , siapa nama saya ?","#mukidikepedean ; pertanyaan mudah ya..; dijawab yg keras , tapi saya minta dijawab yg keras , siapa nama saya ?"
user kemarin di hujat sekarang mengharap dasar para bani kamprey',pengguna kemarin di hujat sekarang mengharap dasar para bani kamprey',user kemarin di hujat sekarang mengharap dasar para bani kamprey'
"user penjelasan sy bukan fitnah, silahkan dibantah user apollinaris darmawan sebut al-quran kitab sampah","pengguna penjelasan saya bukan fitnah, silakan dibantah pengguna apollinaris darmawan sebut al-quran kitab sampah","user penjelasan sy bukan fitnah, silahkan dibantah user apollinaris darmawan sebut al-quran kitab sampah"
"monyet aja koloe dbilang saudra sma elo pasti ogah, hdupmu kok gini amat ya.. toe hati apa comberan? user'","monyet saja koloe dibilang saudara sama kamu pasti ogah, hidupmu kok begini amat ya.. itu hati apa comberan? user'","monyet aja koloe dbilang saudra sma elo pasti ogah, hdupmu kok gini amat ya.. toe hati apa comberan? user'"
body lufra/ scrub dg bhn dasar lidah buaya utk mlembabkn kulit &amp; lbh bcahaya info: 087812026394 #bmi',body lufra/ scrub dengan bahan dasar lidah buaya untuk melembabkan kulit &amp; lebih bercahaya info: 087812026394 #bmi',body lufra/ scrub dg bhn dasar lidah buaya utk mlembabkn kulit &amp; lbh bcahaya info: 087812026394 #bmi'
user tak punya cacat di masa lalu krn blum bermasa lalu',pengguna tak punya cacat di masa lalu karena belum bermasa lalu',user tak punya cacat di masa lalu krn blum bermasa lalu'
user user jangan2 penganut bumi datar juga? \xf0\x9f\x98\x9d\nsoalnya teori bumi bulat kan dari orang asing yg notabane musuh mereka.',pengguna pengguna jangan jangan penganut bumi datar juga? \xf0\x9f\x98\x9d\nsoalnya teori bumi bulat kan dari orang asing yang notabene musuh mereka.',user user jangan2 penganut bumi datar juga? \xf0\x9f\x98\x9d\nsoalnya teori bumi bulat kan dari orang asing yg notabane musuh mereka.'
"becak warga binjai hendak disita karena gunakan tenda bertuliskan #2019gantipresiden, pks meradang; ; bukti pemerintah panik dan takut?; ;","becak warga binjai hendak disita karena gunakan tenda bertuliskan #2019gantipresiden, partai keadilan sejahtera meradang; ; bukti pemerintah panik dan takut?; ;","becak warga binjai hendak disita karena gunakan tenda bertuliskan #2019gantipresiden, pks meradang; ; bukti pemerintah panik dan takut?; ;"
lebih baik jokowi mundur..,lebih baik jokowi mundur..,lebih baik jokowi mundur..
munas alim ulama ppp di semarang. menghasilkan lima rekomendasi syarat dan kriteria-kriteria bagi calon wakil presiden yang akan mendampingi bpk jokowi di 2019 mendatang. #romahurmuziy,musyawarah nasional alim ulama ppp di semarang. menghasilkan lima rekomendasi syarat dan kriteria-kriteria bagi calon wakil presiden yang akan mendampingi bapak jokowi di 2019 mendatang. #romahurmuziy,munas alim ulama ppp di semarang. menghasilkan lima rekomendasi syarat dan kriteria-kriteria bagi calon wakil presiden yang akan mendampingi bpk jokowi di 2019 mendatang. #romahurmuziy
user luar biasa pencerahan nya.. saya merasa gagal sebagai anak ekonomi.. wkwk,pengguna luar biasa pencerahan nya.. saya merasa gagal sebagai anak ekonomi.. wkwk,user luar biasa pencerahan nya.. saya merasa gagal sebagai anak ekonomi.. wkwk
"user user user user kafan berasal dari budaya yahudi, kenapa umat islam mengklaim ?'","pengguna pengguna pengguna pengguna kafan berasal dari budaya yahudi, kenapa umat islam mengklaim ?'","user user user user kafan berasal dari budaya yahudi, kenapa umat islam mengklaim ?'"
oleh rezim skrg atas kendali negara cina komunis yg mjd patron tunggal rezim anti islam ( jokowi ),oleh rezim sekarang atas kendali negara cina komunis yang menjadi patron tunggal rezim anti islam ( jokowi ),oleh rezim skrg atas kendali negara cina komunis yg mjd patron tunggal rezim anti islam ( jokowi )
user user itu tanda nya mau pilkada n pilpres,pengguna pengguna itu tanda nya mau pilihan kepala daerah dan pemilihan presiden,user user itu tanda nya mau pilkada n pilpres
misi4: membangun masyarakat yang gotong royong toleran dan harmoni selaras nilai budaya jawa barat yang luhur #no3jabarasyik #asyikm3nang,misi4: membangun masyarakat yang gotong royong toleran dan harmoni selaras nilai budaya jawa barat yang luhur #no3jabarasyik #asyikm3nang,misi4: membangun masyarakat yang gotong royong toleran dan harmoni selaras nilai budaya jawa barat yang luhur #no3jabarasyik #asyikm3nang
ketabahan pasangan en taufiq dan puan nurliyana yang wajar dicontohi.. jom kita beri sumbangan untuk meringankan beban pasangan ini... come on twitter do your things! ; ; bsn - 0510541000096745 ; bank islam - 05058020145124 ; (nurliyana bte abdul raziff) ;,ketabahan pasangan dan taufik dan puan nurliyana yang wajar dicontohi.. jom kita beri sumbangan untuk meringankan beban pasangan ini... come on twitter do your things! ; ; badan standarisasi nasional - 0510541000096745 ; bank islam - 05058020145124 ; (nurliyana bosan abdul raziff) ;,ketabahan pasangan en taufiq dan puan nurliyana yang wajar dicontohi.. jom kita beri sumbangan untuk meringankan beban pasangan ini... come on twitter do your things! ; ; bsn - 0510541000096745 ; bank islam - 05058020145124 ; (nurliyana bte abdul raziff) ;
"user apaansi tai baru gt doang belagunya udah selangit. ga inget ada karma? ntar bbrp taun lagi kalo idol lu flop, gua ketawa paling keras.'","pengguna apa sih tai baru begitu doang belaganya sudah selangit. tidak ingat ada karma? nanti beberapa tahun lagi kalau idol kamu flop, gue tertawa paling keras.'","user apaansi tai baru gt doang belagunya udah selangit. ga inget ada karma? ntar bbrp taun lagi kalo idol lu flop, gua ketawa paling keras.'"
